{
    "gosu": {
        "arch": "amd64",
        "digest": "3e6fc37ca073b10a73a804d39c2f0c028947a1a596382a4f8ebe43dfbaa3a25e",
        "distro": "debian-10",
        "type": "NAMI",
        "version": "1.14.0-0"
    },
    "java": {
        "arch": "amd64",
        "digest": "a7e034898281dff05591e74de285ecd69899ddaaff4ce1ea9c09556ac89c9c72",
        "distro": "debian-10",
        "type": "NAMI",
        "version": "1.8.312-0"
    },
    "python": {
        "arch": "amd64",
        "digest": "0001f896304dcb37b6de1555f3e6a793a3981b80261459eb1070e85f23d0e501",
        "distro": "debian-10",
        "type": "NAMI",
        "version": "3.6.15-3"
    },
    "spark": {
        "arch": "amd64",
        "digest": "0a4e7acfc0b025d99e3723f80cd3a1e1a331c9b977be9a1f05bc15e5f5b01709",
        "distro": "debian-10",
        "type": "NAMI",
        "version": "3.1.2-0"
    }
}